{
  "training_date": "2025-10-16T19:06:34.376870",
  "n_users": 54552,
  "n_items": 15419,
  "n_interactions": 824766,
  "matrix_density": 0.000980536723037298,
  "catalog_coverage": 0.022569557040015564,
  "als_factors": 100,
  "als_iterations": 15
}